Post 1,Dit is een mooie blog haha
Post 2,Dit is een mooie blog haha
Post 3,Dit is een mooie blog haha
Post 4,Dit is een mooie blog haha
Post 5,Dit is een mooie blog haha
Post 6,Dit is een mooie blog haha
Post 7,Dit is een mooie blog haha
Post 8,Dit is een mooie blog haha
Post 9,Dit is een mooie blog haha
Post 10,Dit is een mooie blog haha
Post 11,Dit is een mooie blog haha
Post 12,Dit is een mooie blog haha
Post 13,Dit is een mooie blog haha
Post 14,Dit is een mooie blog haha
Post 15,Dit is een mooie blog haha
Post 16,Dit is een mooie blog haha
Post 17,Dit is een mooie blog haha
Post 18,Dit is een mooie blog haha
Post 19,Dit is een mooie blog haha
Post 20,Dit is een mooie blog haha